<dependencies>
  <packages>
    <package>com.google.android.gms:play-services-ads:19.5.0</package>
  </packages>
  <files />
  <settings>
    <setting name="androidAbis" value="arm64-v8a,armeabi-v7a" />
    <setting name="bundleId" value="com.gokturk.mrduck" />
    <setting name="explodeAars" value="True" />
    <setting name="gradleBuildEnabled" value="True" />
    <setting name="gradlePropertiesTemplateEnabled" value="False" />
    <setting name="gradleTemplateEnabled" value="True" />
    <setting name="installAndroidPackages" value="True" />
    <setting name="localMavenRepoDir" value="Assets/GeneratedLocalRepo" />
    <setting name="packageDir" value="Assets/Plugins/Android" />
    <setting name="patchAndroidManifest" value="True" />
    <setting name="patchMainTemplateGradle" value="True" />
    <setting name="projectExportEnabled" value="False" />
    <setting name="useJetifier" value="False" />
  </settings>
</dependencies>